{
    "data": [
        {
            "position": {
                "reported": [
                    3.9822756545073363, 
                    2.6199369961322994, 
                    2.0882153242735897
                ], 
                "actual": [
                    3.845,
                    2.674,
                    0
                ]
            }, 
            "times": [
                11.902418851852417, 
                38.6513090133667, 
                44.30347490310669, 
                49.40486192703247
            ]
        }, 
        {
            "position": {
                "reported": [
                    4.059273054459671, 
                    2.629694064942244, 
                    1.854306057530108
                ], 
                "actual": [
                    3.89,
                    2.714,
                    0
                ]
            }, 
            "times": [
                11.112678050994873, 
                37.944854974746704, 
                45.986802101135254, 
                51.05542707443237
            ]
        }, 
        {
            "position": {
                "reported": [
                    3.994860247369852, 
                    2.629415652672752, 
                    1.7561940714092825
                ], 
                "actual": [
                    3.989,
                    2.791,
                    0
                ]
            }, 
            "times": [
                10.971364974975586, 
                40.93056607246399, 
                46.056934118270874, 
                50.1108980178833
            ]
        }
    ]
}